Domain,Name,Privacy Policy,Category,Opt-Out Method,Opt Out URL,Email,Address,Phone Number,Location,Data Broker Affiliation,URL,Spurce URL,In Main List?
firstorion.com,First Orion Corporation,https://firstorion.com/privacy-policy/,Identity Verification Services,Unclear,,cdenton@firstorion.com,"500 President Clinton Ave., Ste. 215Little Rock, AZUnited States",,Arizona,Unknown,https://firstorion.com,https://privacyrights.org/data-brokers/first-orion-corporation,TRUE
earlywarning.com,"Early Warning Services, Llc",https://www.earlywarning.com/privacy-policy.html,Identity Verification Services,No,,privacyoffice@earlywarning.com,"16552 N. 90th StreetScottsdale, AZ 85260United States",(480) 656-5043,Arizona,Unknown,https://www.earlywarning.com,https://privacyrights.org/data-brokers/early-warning-services-llc,FALSE
mapsmoji.com,Mapsmoji,http://mapsmoji.com/privacy/,Vague,No,,email@mapsmoji.com,"PO Box 4028 San Bruno, CA 94066United States",,California,Unknown,http://mapsmoji.com/,https://privacyrights.org/data-brokers/mapsmoji,FALSE
advancedbackgroundchecks.com,Advanced Background Checks,http://www.advancedbackgroundchecks.com/privacy ; https://www.advancedbackgroun…,Identity Verification Services,Unclear,,,"P.O. Box 189040Sacramento, CA 95818United States",,California,Unknown,http://www.advancedbackgroundchecks.com/,https://privacyrights.org/data-brokers/advanced-background-checks,TRUE
archives.com,Archives,https://www.ancestry.com/cs/legal/privacystatement?hideHeader=1,People Search,Yes - by email,,dpo@ancestry.com,"Privacy Office 153 Townsend Street, Suite 800San Francisco, CA 94107United States",1-888-896-4442;,California,Ancestry,http://www.archives.com/,https://privacyrights.org/data-brokers/archives,TRUE
experian.com,"Experian Marketing Solutions, Inc.",https://www.experian.com/privacy/prod_serv_policy.html,Marketing Data Broker,Unclear,,nerissa.rush@experian.com,"475 Anton Blvd.Costa Mesa, CA 92626United States",(714) 830-7617,California,Experian,http://www.experian.com/marketing-services/marketing-services.html,https://privacyrights.org/data-brokers/experian-marketing-solutions-inc,TRUE
lciinc.com,"Lundquist Consulting, Inc.",http://www.lciinc.com/company/privacyNotice.htm,Identity Verification Services,No,,jvolk@verisk.com,"111 Anza Blvd., # 310Burlingame, CA 94553United States",(201) 469-3210,California,Verispy,http://www.lciinc.com/,https://privacyrights.org/data-brokers/lundquist-consulting-inc,FALSE
myyp.com,Valley Yellow Pages (Myyp.Com),http://www.myyp.com/privacy,People Search,No,,vyp@myyp.com;webmaster@myyp.com,"1850 N. Gateway Blvd.Fresno, CA 93727United States",,California,Unknown,http://www.myyp.com,https://privacyrights.org/data-brokers/valley-yellow-pages-myypcom,FALSE
peopleg2.com,Peopleg2,http://www.peopleg2.com/resources/privacy-policy.html,Vague,No,,,"135 South State College Blvd., Suite 200Brea, CA 92821United States",800-630-2880,California,Unknown,http://www.peopleg2.com/resources/terms-of-use.html,https://privacyrights.org/data-brokers/peopleg2,FALSE
searchbug.com,Search Bug,http://www.searchbug.com/privacy.aspx,People Search,No,,,"364 2nd St, Suite 4Encinitas, CA 92024United States",760-454-7301 ; 8,California,Unknown,http://www.searchbug.com,https://privacyrights.org/data-brokers/search-bug,FALSE
rootsweb.com,Roots Web (Associated With Ancestry.Com),https://www.ancestry.com/cs/privacyphilosophy,Vague,Unclear,,content@ancestry.com,"153 Townsend St., Ste. 800San Francisco, CA 94107United States",,California,Ancestry,https://home.rootsweb.com/,https://privacyrights.org/data-brokers/roots-web-associated-ancestrycom,FALSE
parasolleads.com,Parasol Media Inc.,https://v2.parasolleads.com/parasolleads-privacy-policy/,Marketing Data Broker,Unclear,,jschwartz@parasolleads.com,"20750 Ventura Blvd, Suite 201Woodland hills, CA 91364United States",,California,Unknown,https://v2.parasolleads.com,https://privacyrights.org/data-brokers/parasol-media-inc,TRUE
whitepages.plus,Whitepages+,https://whitepages.plus/privacy,People Search,No,,mail@whitepages.plus,"588 Sutter St. #140San Francisco, CA 94102United States",,California,Whitepages,https://whitepages.plus/,https://privacyrights.org/data-brokers/whitepages,FALSE
advantagesolutions.net,Advantage Sales & Marketing Llc,https://www.advantagesolutions.net/pages/privacy,Marketing Data Broker,Unclear,,alex@take5mg.com,"18100 Von Karman Avenue, Suite 1000Irvine, CA 92612United States",,California,Unknown,https://www.advantagesolutions.net/,https://privacyrights.org/data-brokers/advantage-sales-marketing-llc,FALSE
backgroundsonline.com,"Iq Data Systems, Inc. Dba Backgrounds Online",https://www.backgroundsonline.com/privacy-policy,Identity Verification Services,Yes - by email,,nate.waymire@backgroundsonline.com,"1915 21st StreetSacramento, CA 95811United States",,California,Peopleconnect,https://www.backgroundsonline.com/,https://privacyrights.org/data-brokers/iq-data-systems-inc-dba-backgrounds-online,TRUE
cicreports.com,Contemporary Information Corp.,https://www.cicreports.com/consumer-assistance/#privacypolicy,People Search,Unclear,,"42913 Campliance DeptLancaster, CA 93535United States","42913 CAPITAL DR, STE 101Lancaster, CA 93535United States",,California,Unknown,https://www.cicreports.com/,https://privacyrights.org/data-brokers/contemporary-information-corp,TRUE
confi-chek.com,Confi-Chek,,People Search,No,,customercare@peoplefinders.com,"1821 Q StreetSacramento, CA 95811United States",,California,Peopleconnect,https://www.confi-chek.com/,https://privacyrights.org/data-brokers/confi-chek,FALSE
corelogic.com,"Teletrack, Llc",https://www.corelogic.com/privacy.aspx,Marketing Data Broker,Yes - by email,,dghazaleh@corelogic.com,"10277 Scripps Ranch BlvdSan Diego, CA 92131United States",,California,Corelogic,https://www.corelogic.com,https://privacyrights.org/data-brokers/teletrack-llc,TRUE
corelogic.com,"Corelogic Solutions, Llc",https://www.corelogic.com/privacy.aspx,Vague,Unclear,,dghazaleh@corelogic.com,"40 Pacifica, Ste 900Irvine, CA 92618United States",,California,Corelogic,https://www.corelogic.com/,https://privacyrights.org/data-brokers/corelogic-solutions-llc,TRUE
corelogic.com,"Corelogic Credco, Llc",https://www.corelogic.com/privacy.aspx,Vague,Yes - by email,,dghazaleh@corelogic.com,"10277 Scripps Ranch BlvdSan Diego, CA 92131United States",,California,Corelogic,https://www.corelogic.com/privacy.aspx,https://privacyrights.org/data-brokers/corelogic-credco-llc,TRUE
datatree.com,First American Data Tree Llc,https://www.datatree.com/privacy-policy,Vague,No,,britchie-boland@firstam.com,"4 First American Way,Santa Ana, CA 92707United States",,California,Unknown,https://www.datatree.com,https://privacyrights.org/data-brokers/first-american-data-tree-llc,FALSE
enformion.com,Enformion,https://www.enformion.com/en/privacy/,Vague,No,,"15470 Flight Path DrDr., Brooksville, FL 34604United States","1915 21st StreetSacraemento, CA 95811United States",,California,Unknown,https://www.enformion.com,https://privacyrights.org/data-brokers/enformion,FALSE
experian.com,"Experian Information Solutions, Inc.",https://www.experian.com/privacy/prod_serv_policy.html,Identity Verification Services,Unclear,,nerissa.rush@experian.com,"475 Anton Blvd.Costa Mesa, CA 92626United States",,California,Experian,https://www.experian.com/rentbureau/renter-credit.html,https://privacyrights.org/data-brokers/experian-information-solutions-inc,TRUE
goodhire.com,Goodhire,https://www.goodhire.com/privacy,Vague,Unclear,,privacy@goodhire.com,"555 Twin Dolphin DR, # 200Redwood City, CA 94065United States",,California,Peopleconnect,https://www.goodhire.com/,https://privacyrights.org/data-brokers/goodhire,TRUE
idanalytics.com,"Id Analytics, Llc",https://www.idanalytics.com/privacy-policy/,Identity Verification Services,No,,ken_meiser@symantec.com,"15253 Avenue of ScienceSan Diego, CA 92128United States",,California,Unknown,https://www.idanalytics.com,https://privacyrights.org/data-brokers/id-analytics-llc,TRUE
inflection.com,"Inflection Risk Solutions, Llc",https://www.inflection.com/privacy-policy,Identity Verification Services,Unclear,,elizabeth@goodhire.com,"555 Twin Dolphin Dr., Ste 200REDWOOD CITY, CA 94065United States",,California,Peopleconnect,https://www.inflection.com/,https://privacyrights.org/data-brokers/inflection-risk-solutions-llc,FALSE
inflection.com,"Inflection.Com, Inc",https://www.inflection.com/privacy-policy,Identity Verification Services,Yes - by email,,elizabeth@goodhire.com,"555 Twin Dolphin Dr., Ste 200REDWOOD CITY, CA 94065United States",,California,Unknown,https://www.inflection.com/,https://privacyrights.org/data-brokers/inflectioncom-inc,FALSE
infocore.com,Infocore Inc.,https://infocore.com/infocore-privacy-policy/,Marketing Data Broker,No,,info@infocore.com,"5973 Avenida Encinas Suite 218,Carlsbad, CA 92008United States",,California,Unknown,https://www.infocore.com,https://privacyrights.org/data-brokers/infocore-inc,FALSE
instantcheckmate.com,"Instant Checkmate, Llc",https://www.instantcheckmate.com/privacy_policy,People Search,Unclear,,support@instantcheckmate.com,"3111 Camino Del Rio N, Suite 400San Diego, CA 92108United States",,California,Unknown,https://www.instantcheckmate.com,https://privacyrights.org/data-brokers/instant-checkmate-llc,TRUE
sagestreamllc.com,"Sagestream, Llc",https://www.sagestreamllc.com/privacy-policy/,Identity Verification Services,Unclear,,ken_meiser@symantec.com,"15253 Avenue of ScienceSan Diego, CA 92128United States",,California,Unknown,https://www.sagestreamllc.com,https://privacyrights.org/data-brokers/sagestream-llc,TRUE
truedata.co,"Twine Data, Inc",https://www.truedata.co/privacy-policy/,Marketing Data Broker,Yes - by email,,bmorgan@twinedata.com,"555 W 5th Street, 35th FloorLos Angeles, CA 90013United States",,California,Unknown,https://www.truedata.co/,https://privacyrights.org/data-brokers/twine-data-inc,FALSE
truthfinder.com,"Truthfinder, Llc",https://www.truthfinder.com/privacy-policy/,People Search,Yes - by email,,help@truthfinder.com,"600 B Street, 9th FloorSan Diego, CA 92101United States",,California,Unknown,https://www.truthfinder.com,https://privacyrights.org/data-brokers/truthfinder-llc,TRUE
verisk.com,Quality Planning Corporation,https://www.verisk.com/privacy-trademarks-use/iso-online-privacy-notice/,Vague,No,,jvolk@verisk.com,"388 Market Street, # 750San Francisco, CA 94111United States",,California,Verispy,https://www.verisk.com,https://privacyrights.org/data-brokers/quality-planning-corporation,TRUE
viantinc.com,Viant Technology Llc,https://www.viantinc.com/privacy-policy/,Marketing Data Broker,Unclear,,bnojima@viantinc.com,"4 Park Plaza, Suite 1500Irvine, CA 92614United States",,California,Unknown,https://www.viantinc.com,https://privacyrights.org/data-brokers/viant-technology-llc,TRUE
bisi.com,"Background Information Services, Inc. (Bis)",http://www.bisi.com/contact.php,People Search,No,,compliance@bisi.com,"1800 30th Street, Suite 204Boulder, CO 80301United States",,Colorado,Unknown,http://www.bisi.com/,https://privacyrights.org/data-brokers/background-information-services-inc-bis,FALSE
wiland.com,"Wiland, Inc.",https://wiland.com/privacy-policy/,Marketing Data Broker,No,,privacy@wiland.com,"7420 E. Dry Creek ParkwayNiwot, CO 80503United States",,Colorado,Unknown,https://wiland.com,https://privacyrights.org/data-brokers/wiland-inc,FALSE
advcredit.com,"Advantage Credit, Inc.",https://www.advcredit.com/privacy-policy/,Identity Verification Services,Yes - by email,,info@advcredit.com,"32065 Castle Court, Suite300Evergreen, CO 80439United States",,Colorado,Unknown,https://www.advcredit.com/,https://privacyrights.org/data-brokers/advantage-credit-inc,TRUE
factualdata.com,"Fd Holdings, Llc Dba Factual Data",https://www.factualdata.com/privacy.html?link=Footer-PrivacyPolicy,Vague,No,,"ATTN: Compliance Officer250 E Broad Street, Suite 2100Columbus, OH 43215United States","5100 Hahns Peak Drive.Loveland, CO 80538United States",,Colorado,Unknown,https://www.factualdata.com/,https://privacyrights.org/data-brokers/fd-holdings-llc-dba-factual-data,FALSE
kbmg.com,Kbm Group Llc,https://www.kbmg.com/about-us/privacy/,Marketing Data Broker,Yes - by email,,"3 Columbus CircleNew York, NY 10019United States","2050 Dogwood Street, Suite 220Louisville, CO 80027United States",,Colorado,Unknown,https://www.kbmg.com/,https://privacyrights.org/data-brokers/kbm-group-llc,FALSE
refinitiv.com,Thomas Reuters (Crc) Llc (D/B/A Refinitiv),https://www.refinitiv.com/en/policies/privacy-statement,Vague,No,,privacy.enquiries@refinitiv.com,"One Station PlaceStamford, CT 06902United States",,Connecticut,Unknown,https://www.refinitiv.com/en,https://privacyrights.org/data-brokers/thomas-reuters-crc-llc-dba-refinitiv,FALSE
accudata.com,"Accudata Integrated Marketing, Inc.",http://www.accudata.com/terms-use-privacy-policy/,Marketing Data Broker,Unclear,,marketing@accudata.com,"5220 Summerlin Commons Blvd., Ste 200, Ft. Myers, FL 33907United States",,Florida,Unknown,http://www.accudata.com/,https://privacyrights.org/data-brokers/accudata-integrated-marketing-inc,FALSE
background-checks-systems.com,"Bcs Background Screening, Llc",http://www.background-checks-systems.com/privacy_policy.htm,Identity Verification Services,No,,888-464-0018,"1172 South Dixie Hwy – #257Coral Gables, FL 33146United States",,Florida,Unknown,http://www.background-checks-systems.com,https://privacyrights.org/data-brokers/bcs-background-screening-llc,FALSE
corporationwiki.com,Corporation Wiki,http://www.corporationwiki.com/privacy-policy,People Search,Unclear,,(407) 259-2428,"127 W. Fairbanks Ave, Ste 335Winter Park, FL 32789United States",,Florida,Unknown,http://www.corporationwiki.com,https://privacyrights.org/data-brokers/corporation-wiki,FALSE
criminalscreen.com,Criminal Screen,http://www.criminalscreen.com/privacy.cfm,People Search,No,,Webmaster@CriminalScreen.com,"P.O. Box 8542Coral Springs, FL 33075United States",,Florida,Unknown,http://www.criminalscreen.com/index.cfm,https://privacyrights.org/data-brokers/criminal-screen,FALSE
libertydata.net,Libertydata.Net,http://www.libertydata.net/privacypolicy.asp,People Search,Yes - by email,,"Noble Ventures Inc 4867 Palm Coast ParkwayPalm Coast, FL 32137United States","PMB 286, POB 194000San Juan, PR 00919United States",,Florida,Unknown,http://www.libertydata.net,https://privacyrights.org/data-brokers/libertydatanet,TRUE
tlo.com,Tlo Online Investigative Systems,https://www.tlo.com/privacy,Vague,No,,TLOxpSupport@transunion.com,"4530 Conference Way SBoca Raton, 33431United States",,Florida,Transunion,http://www.tlo.com,https://privacyrights.org/data-brokers/tlo-online-investigative-systems,FALSE
digitalmediasolutions.com,Digital Media Solutions,https://digitalmediasolutions.com/privacy-policy,Marketing Data Broker,Yes - by email,,connect@theDMSgrp.com,"4800 140th Avenue North, Suite 101Clearwater, FL 33762United States",,Florida,Unknown,https://digitalmediasolutions.com/,https://privacyrights.org/data-brokers/digital-media-solutions,FALSE
deluxe.com,Datamyx Llc Dba Deluxe Marketing Solutions,https://fi.deluxe.com/datamyx-privacy/,Marketing Data Broker,Unclear,,privacyprogramoffice@deluxe.com,"2300 Glades Road, Suite 400E,Boca Raton, FL 33431United States",,Florida,Unknown,https://fi.deluxe.com/datamyx/,https://privacyrights.org/data-brokers/datamyx-llc-dba-deluxe-marketing-solutions,TRUE
v12data.com,Datamentors Llc Dba V12,https://v12data.com/v12-privacy-point-of-view/,Marketing Data Broker,Unclear,,pkuman@v12data.com,"2319 Oak Myrtle Ln, Suite 104,  Wesley Chapel, FL 33544United States",,Florida,Unknown,https://v12data.com/,https://privacyrights.org/data-brokers/datamentors-llc-dba-v12,TRUE
clarityservices.com,"Clarity Services, Inc.",https://www.clarityservices.com/privacy-principles/,Vague,Unclear,,"P.O. Box 5717Clearwater, FL 33758United States","15550 Lightwave Drive, Suite 350Clearwater, FL 33760United States",,Florida,Experian,https://www.clarityservices.com/,https://privacyrights.org/data-brokers/clarity-services-inc,FALSE
cortera.com,"Cortera, Inc.",https://www.cortera.com/privacy-policy,Marketing Data Broker,No,,privacy@cortera.com,"901 Yamato Road, Suite 210EBoca Raton, FL 33431United States",,Florida,Unknown,https://www.cortera.com/,https://privacyrights.org/data-brokers/cortera-inc,FALSE
forewarn.com,"Forewarn, Llc",http://forewarn.com/privacy-policy/,Marketing Data Broker,Unclear,,support@forewarn.com,"2650 N. Military Trail, Suite 300,Boca Raton, FL 33431United States",,Florida,Unknown,https://www.forewarn.com,https://privacyrights.org/data-brokers/forewarn-llc,TRUE
fusedleads.com,"Fused Leads, Llc",https://www.fusedleads.com/,Marketing Data Broker,No,,greg@fusedleads.com,"5135 U.S HWY 19N #108,New Port Richey, FL 34652United States",,Florida,Unknown,https://www.fusedleads.com/,https://privacyrights.org/data-brokers/fused-leads-llc,FALSE
healthcare.com,Healthcare.Com,https://www.healthcare.com/info/privacy-policy,Vague,Unclear,,info@healthcare.com,"3401 N. Miami Avenue, Unit 205Miami, FL 33127United States",,Florida,Unknown,https://www.healthcare.com/,https://privacyrights.org/data-brokers/healthcarecom,TRUE
ididata.com,"Interactive Data, Llc",https://ididata.com/idis-privacy-statement/,Vague,Unclear,,support@ididata.com,"2650 N. Military Trail, Suite 300Boca Raton, FL 33431United States",,Florida,Unknown,https://www.ididata.com,https://privacyrights.org/data-brokers/interactive-data-llc,TRUE
nexxagroup.com,"Nexxa Group, Inc.",,undefined,Unclear,,h.paulus@nexxagroup.com,"12734 Kenwood Lane, Ste 87Fort Myers, FL 33907United States",,Florida,Unknown,https://www.nexxagroup.com,https://privacyrights.org/data-brokers/nexxa-group-inc,TRUE
tracersinfoonline.com,"Tracers Information Specialists, Inc.",https://www.tracersinfoonline.com/en/privacy/,Marketing Data Broker,Unclear,,(877) 723-2689,"15740 Flight Path Dr.Brooksville, FL 34604United States",,Florida,Unknown,https://www.tracersinfoonline.com/en/,https://privacyrights.org/data-brokers/tracers-information-specialists-inc,FALSE
whoodle.com,"Whoodle, Llc",https://www.whoodle.com/privacy,People Search,Yes - by email,,5617574086,"2650 N. Military Trail, Suite 300Boca Raton, FL 33431United States",,Florida,Unknown,https://www.whoodle.com,https://privacyrights.org/data-brokers/whoodle-llc,TRUE
bridgevine.com,Bridgevine Inc.,https://www.bridgevine.com/privacy-policy/,Marketing Data Broker,No,,dwayne.landry@bridgevine.com,"555 North Point Center E #225Alpharetta, GA 30022United States",,Georgia,Unknown,https://bridgevine.com/,https://privacyrights.org/data-brokers/bridgevine-inc,FALSE
altisource.com,"Altisource Holdings, Llc",https://altisource.com/Privacy-Notice,Marketing Data Broker,No,,770-612-7007,"C/O Altisource Solutions, Inc., 1000 Abernathy Road, Suite 200Atlanta, GA 30328United States",,Georgia,Unknown,https://www.altisource.com/,https://privacyrights.org/data-brokers/altisource-holdings-llc,FALSE
analytics-iq.com,"Analyticsiq, Inc.",https://analytics-iq.com/privacy-policy/,Marketing Data Broker,Yes - by email,,(888) 612-4309,"115 Perimeter Center Place, Suite 635Atlanta, GA 30346United States",,Georgia,Unknown,https://www.analytics-iq.com,https://privacyrights.org/data-brokers/analyticsiq-inc,TRUE
digitalsegment.com,"Digital Segment, Llc",https://segment.com/docs/legal/privacy/,Marketing Data Broker,Unclear,,(610) 228-0906,"10365 High Falls CircleJohns Creek, GA 30022United States",,Georgia,"Equifax,",https://www.digitalsegment.com/,https://privacyrights.org/data-brokers/digital-segment-llc,TRUE
equifax.com,Equifax Information Services Llc,https://www.equifax.com/privacy/myequifaxservices/,Identity Verification Services,Unclear,,vtinquiries@equifax.com,"1550 Peachtree Street, N.W.Atlanta, GA 30309United States",,Georgia,"Equifax,",https://www.equifax.com/privacy/,https://privacyrights.org/data-brokers/equifax-information-services-llc,TRUE
equifax.com,Intellireal Llc,https://www.equifax.com/privacy/,Identity Verification Services,No,,vtinquiries@equifax.com,"1550 Peachtree Street, N.W.Atlanta, GA 30309United States",,Georgia,"Equifax,",https://www.equifax.com/privacy/myequifaxservices/,https://privacyrights.org/data-brokers/intellireal-llc,TRUE
equifax.com,Ixi Corporation,https://www.equifax.com/privacy/,Identity Verification Services,No,,vtinquiries@equifax.com,"1550 Peachtree Street, N.W.Atlanta, GA 30309United States",(303)893-8600,Georgia,"Equifax,",https://www.equifax.com/privacy/myequifaxservices/,https://privacyrights.org/data-brokers/ixi-corporation,TRUE
possiblenow.com,Possiblenow Data Services,https://www.possiblenow.com/privacy-statement,Marketing Data Broker,Yes - by email,,bschorer@possiblenow.com,"4400 Rivergreen Parkway, Suite 100Duluth, GA 30096United States",(770) 255-1020 ;,Georgia,Unknown,https://www.possiblenow.com,https://privacyrights.org/data-brokers/possiblenow-data-services,TRUE
lexisnexis.com,Lexisnexis Risk Solutions Inc. And Affiliates,https://risk.lexisnexis.com/privacy-policy,Vague,Unclear,,legal.compliance@risk.lexisnexis.com,"1000 Alderman DriveAlpharetta, GA 30005United States",,Georgia,Unknown,https://www.risk.lexisnexis.com/,https://privacyrights.org/data-brokers/lexisnexis-risk-solutions-inc-and-affiliates,TRUE
pipl.com,"Pipl, Inc",http://www.pipl.com/privacy/,Identity Verification Services,Unclear,,mail@pipl.com,"510 S Clearwater Loop, Suite 101Post Falls, ID 83854United States",,Idaho,Unknown,http://www.pipl.com/tos/,https://privacyrights.org/data-brokers/pipl-inc,TRUE
partnerscredit.com,Partners Credit And Verification Solutions,http://www.partnerscredit.com/pcvs_privacy.html,Identity Verification Services,Unclear,,pkarbo@creditinterlink.com;	support@partnerscredit.com,"65 E. Wacker Place, Suite 1405Chicago, IL 60601United States",,Illinois,Unknown,http://www.partnerscredit.com/,https://privacyrights.org/data-brokers/partners-credit-and-verification-solutions,FALSE
cdkglobal.com,"Cdk Global, Llc",https://www.cdkglobal.com/us/privacy-policy,Marketing Data Broker,No,,james.kinzer@cdk.com,"1950 Hassell RoadHoffman Estates, IL 60169United States",(888) 672-2140 ;,Illinois,Unknown,https://cdkglobal.com,https://privacyrights.org/data-brokers/cdk-global-llc,FALSE
civisanalytics.com,"Civis Analytics, Inc.",https://www.civisanalytics.com/privacy_policy/,People Search,Unclear,,compliance@civisanalytics.com,"200 W Monroe St, Suite 2200Chicago, IL 60606United States",(312) 985-0173,Illinois,Unknown,https://www.civisanalytics.com/,https://privacyrights.org/data-brokers/civis-analytics-inc,TRUE
ruf.com,Ruf Strategic Solutions,https://ruf.com/privacy-policy/,Marketing Data Broker,Yes - by email,,matthussey@infutor.com,"1533 E. SpruceOlathe, KS 66061United States",(913) 782-8544,Kansas,Unknown,https://ruf.com/,https://privacyrights.org/data-brokers/ruf-strategic-solutions,FALSE
cisnationwide.com,Cis Nationwide,http://cisnationwide.com/privacy.html,People Search,No,,privacy@cisnationwide.com,"P.O. Box 990142 Boston, MABoston, MA 02199United States",Download Search Results,Massachusetts,Accucom,http://cisnationwide.com/,https://privacyrights.org/data-brokers/cis-nationwide,FALSE
deathrecords.org,Death Records,http://deathrecords.org/index.php?xpath=privacy,People Search,Unclear,,privacy@cisnationwide.com,"P.O. Box 990142 Boston, MA 02117United States",800-309-9352,Massachusetts,Accucom,http://deathrecords.org/,https://privacyrights.org/data-brokers/death-records,TRUE
freebackgroundcheck.us,Free Background Check,http://freebackgroundcheck.us/privacy.php,People Search,No,,,"P.O. Box 990043Boston, MA 02199United States",,Massachusetts,Accucom,http://freebackgroundcheck.us/,https://privacyrights.org/data-brokers/free-background-check,FALSE
governmentregistry.org,Governmentregistry.Org,http://governmentregistry.org/index.php?xpath=privacy,People Search,Unclear,,privacy@cisnationwide.com,"P.O. Box 990142Boston, MA 02117United States",800-309-9352,Massachusetts,Accucom,http://governmentregistry.org/index.php?xpath=terms,https://privacyrights.org/data-brokers/governmentregistryorg,TRUE
govregistry.us,Govregistry.Us,http://govregistry.us/privacy.php,People Search,Unclear,,privacy@cisnationwide.com,"P.O. Box 990142Boston, MA 02118United States",800-309-9353,Massachusetts,Accucom,http://govregistry.us/,https://privacyrights.org/data-brokers/govregistryus,TRUE
instantbackgroundreport.com,Instantbackgroundreport.Com,http://instantbackgroundreport.com/index.php?xpath=privacy,People Search,Unclear,,privacy@cisnationwide.com,"P.O. Box 990142Boston, MA 02117United States",800-309-9352,Massachusetts,Accucom,http://instantbackgroundreport.com/,https://privacyrights.org/data-brokers/instantbackgroundreportcom,TRUE
publicrecordschecks.com,Public Records Checks,http://publicrecordschecks.com/privacy.php,People Search,Unclear,,privacy@cisnationwide.com,"P.O. Box 990142Boston, MA 02199United States",800-309-9352,Massachusetts,Accucom,http://publicrecordschecks.com,https://privacyrights.org/data-brokers/public-records-checks,TRUE
recordsauthority.com,Records Authority,http://recordsauthority.com/access/privacy.php,People Search,Unclear,,privacy@cisnationwide.com,"P.O. Box 990164Boston, MA 02199United States",800-309-9352,Massachusetts,Accucom,http://recordsauthority.com/access/index.php,https://privacyrights.org/data-brokers/records-authority,TRUE
reversenumberdatabase.com,Reverse Number Database,http://reversenumberdatabase.com/privacy,People Search,Unclear,,privacy@cisnationwide.com,"P.O. Box 990043Boston, MA 02199United States",800-309-9354,Massachusetts,Accucom,http://reversenumberdatabase.com,https://privacyrights.org/data-brokers/reverse-number-database,TRUE
reverserecords.org,Reverserecords.Org,http://reverserecords.org/index.php?xpath=privacy&code=,People Search,Yes - by email,,support@infotracer.com,"28 Atlantic Avenue. suite 227Boston, MA 02110United States",,Massachusetts,Accucom,http://reverserecords.org,https://privacyrights.org/data-brokers/reverserecordsorg,TRUE
accucomcorp.com,Accucom,,undefined,No,,,"28 Atlantic AvenueSuite 227 Boston, MA 02110United States",617-262-9317,Massachusetts,Accucom,http://www.accucomcorp.com/,https://privacyrights.org/data-brokers/accucom,FALSE
criminalbackgroundrecords.com,Criminal Background Records,http://www.criminalbackgroundrecords.com/privacy.html,People Search,No,,privacy@criminalbackgroundchecks.com,"738 Main St Ste 435Waltham, MA 02451United States",(888) 943-4636,Massachusetts,Unknown,http://www.criminalbackgroundrecords.com,https://privacyrights.org/data-brokers/criminal-background-records,FALSE
divorcerecords.org,Divorce Records,http://www.divorcerecords.org/index.php?xpath=privacy,People Search,Unclear,,privacy@cisnationwide.com,"P.O. Box 990142Boston, MA 02117United States",800-309-9352,Massachusetts,Accucom,http://www.divorcerecords.org/,https://privacyrights.org/data-brokers/divorce-records,TRUE
emailtracer.com,Email Tracer,http://www.emailtracer.com/privacy.php,People Search,No,,,"P.O. Box 1452Boston, MA 02117United States",,Massachusetts,Accucom,http://www.emailtracer.com,https://privacyrights.org/data-brokers/email-tracer,TRUE
infopay.com,Info Pay,https://www.infopay.com/privacy.php,Vague,Yes - by email,,,"28 Atlantic Avenue. suite 227Boston, MA 02110United States",,Massachusetts,Accucom,http://www.infopay.com/affiliatecenter/terms,https://privacyrights.org/data-brokers/info-pay,FALSE
reversegenie.com,Reverse Genie,http://www.reversegenie.com/privacy.php,People Search,Unclear,,privacy@cisnationwide.com,"P.O. Box 990142Boston, MA 02199United States",800-309-9352,Massachusetts,Accucom,http://www.reversegenie.com,https://privacyrights.org/data-brokers/reverse-genie,TRUE
reversemobile.com,Reverse Mobile,http://www.reversemobile.com/index.php?xpath=privacy,People Search,Unclear,,privacy@cisnationwide.com,"""P.O. Box 990142 BostonBoston, MA 02199United States",800-309-9353,Massachusetts,Accucom,http://www.reversemobile.com,https://privacyrights.org/data-brokers/reverse-mobile,TRUE
zoominfo.com,Zoominfo.Com,http://www.zoominfo.com/business/about-zoominfo/privacy-policy,People Search,Yes - by email,,privacy@zoominfo.com,"307 Waverley Oaks RoadWaltham, MA 02452United States",866-904-9666,Massachusetts,Unknown,http://www.zoominfo.com/,https://privacyrights.org/data-brokers/zoominfocom,TRUE
criminalwatchdog.com,Criminal Watch Dog,https://www.criminalwatchdog.com/Privacy-Policy.aspx,People Search,No,,,"303 Wyman Street Ste 300Waltham, MA 02451United States",(800) 515-8498,Massachusetts,Unknown,https://www.criminalwatchdog.com/,https://privacyrights.org/data-brokers/criminal-watch-dog,FALSE
owneriq.com,"Owneriq, Inc.",https://www.owneriq.com/privacy-notice,Marketing Data Broker,Unclear,,tpowell@owneriq.com,"27-43 Wormwood Street, Suite 600Boston, MA 02210United States",866-870-2295,Massachusetts,Unknown,https://www.owneriq.com,https://privacyrights.org/data-brokers/owneriq-inc,TRUE
strategicinfo.com,Strategic Information Resources,https://strategicinfo.com/wp-content/uploads/SIR_Privacy_Statement-Jan2016.pdf,Identity Verification Services,Unclear,,jdrziak@strategicinfo.com,"59 Bobala RdHolyoke, MA 01040United States",(800) 332-9479;x,Massachusetts,Unknown,https://www.strategicinfo.com,https://privacyrights.org/data-brokers/strategic-information-resources,TRUE
ihsmarkit.com,Ihs Markit,https://ihsmarkit.com/Legal/privacy.html,Marketing Data Broker,Unclear,,bruce.noll@ihsmarkit.com,"26533 Evergreen, Ste. 1100Southfield, MI 48076United States",(609) 602-0631,Michigan,Unknown,https://ihsmarkit.com/,https://privacyrights.org/data-brokers/ihs-markit,TRUE
lead.co,"The Lead Company, Inc.",https://lead.co/privacy/,Marketing Data Broker,Yes - by email,,dave@lead.co,"6757 Cascade Road SE, #205Grand Rapids, MI 49546United States",(888) 9-LEADCO,Michigan,Unknown,https://lead.co/,https://privacyrights.org/data-brokers/lead-company-inc,TRUE
700credit.com,"Open Dealer Exchange, Llc Dba 700 Credit, Llc",https://www.700credit.com/privacy-policy/,Vague,Unclear,,JBALBOA@OPENDEALEREXCHANGE.COM,"31440 Northwestern Hwy., SUITE 250Farmington Hills, MI 48334United States",(313) 749-0982,Michigan,Unknown,https://www.700credit.com,https://privacyrights.org/data-brokers/open-dealer-exchange-llc-dba-700-credit-llc,FALSE
blockshopper.com,Blockshopper,https://blockshopper.com/privacy-policy,Vague,Unclear,,,"1215 Fern Ridge Parkway, Suite 216Creve Coeur, MO 63141United States",(314) 485-4882,Missouri,Unknown,https://blockshopper.com/,https://privacyrights.org/data-brokers/blockshopper,FALSE
mchdata.com,"Mch, Inc. (Dba: Mch Strategic Data)",https://mchdata.com/privacy-policy/,Marketing Data Broker,Yes - by email,,peterlong@mchdata.com,"601 East Marshall Street, PO Box 295, Sweet Springs, MO, , USASweet Springs, MO 65351United States",(800) 776-6373,Missouri,Unknown,https://www.mchdata.com,https://privacyrights.org/data-brokers/mch-inc-dba-mch-strategic-data,TRUE
theworknumber.com,Talx Corporation,https://www.theworknumber.com/privacy-policy/,Identity Verification Services,Unclear,,vtinquiries@equifax.com,"3470 Rider Trail, South, Suite 337Earth City, MO 63045United States",(303)893-8600,Missouri,"Equifax,",https://www.theworknumber.com,https://privacyrights.org/data-brokers/talx-corporation,TRUE
databaseusa.com,Databaseusa.Com Llc,https://databaseusa.com/index.php/privacy-policy/,Marketing Data Broker,Yes - by email,,consult@databaseusa.com; alex.elliott@databaseusallc.com,"11211 JOHN GALT BLVD, OMAHA, NVUnited States",,Nebraska,Unknown,https://databaseusa.com/,https://privacyrights.org/data-brokers/databaseusacom-llc,TRUE
firstdirectmarketing.com,"First Direct, Inc. And Its Subsidiaries/Affiliates",https://www.firstdirectmarketing.com/privacy-policy/,Marketing Data Broker,Yes - by email,,joel@firstdirectmarketing.com; sales@firstdirectmarketing.com,"1508 J F Kennedy Dr, Suite 103Bellevue, NE 68005United States",,Nebraska,Unknown,https://www.firstdirectmarketing.com,https://privacyrights.org/data-brokers/first-direct-inc-and-its-subsidiariesaffiliates,TRUE
infogroup.com,Infogroup Inc.,https://www.infogroup.com/privacy-policy,Marketing Data Broker,Yes - by email,,privacyteam@infogroup.com,"1020 E. 1st StreetPapillion, NE 68046United States",(972) 715-5436,Nebraska,Unknown,https://www.infogroup.com,https://privacyrights.org/data-brokers/infogroup-inc,TRUE
dataxltd.com,Datax Ltd,http://dataxltd.com/privacy-policy/,Identity Verification Services,Unclear,,vtinquiries@equifax.com,"325 E Warm Springs Rd, Suite 202Las Vegas, NV 89119United States",,Nevada,"Equifax,",http://dataxltd.com/,https://privacyrights.org/data-brokers/datax-ltd,TRUE
ucc411.com,Ucc411,http://www.ucc411.com/privacy-policy.aspx,Undetermined,Unclear,,info@andersonadvisors.com,"3225 MCLEOD DRIVE #110Las Vegas, NV 89121United States",800.706.4741,Nevada,Unknown,http://www.ucc411.com,https://privacyrights.org/data-brokers/ucc411,FALSE
sortedbybirthdate.com,Sorted By Birthdate.Com,http://sortedbybirthdate.com/privacy.html,People Search,No,,webmaster@oklavoters.com,"67 technology WayNashua , NH 03060United States",,New Hampshire,Unknown,http://sortedbybirthdate.com,https://privacyrights.org/data-brokers/sorted-birthdatecom,FALSE
sortedbyname.com,Sorted By Name,http://sortedbyname.com/privacy.html,People Search,No,,webmaster@oklavoters.com,"67 technology WayNashua , NH 03060United States",,New Hampshire,Unknown,http://sortedbyname.com/,https://privacyrights.org/data-brokers/sorted-name,TRUE
easybackgrounds.com,Easybackgrounds.Com,https://www.easybackgrounds.com/privacy-policy,Identity Verification Services,No,,WSep@ghrr.com,"P.O. Box 952Newfields, NH 03856United States",,New Hampshire,Unknown,http://www.easybackgrounds.com/about/privacy/,https://privacyrights.org/data-brokers/easybackgroundscom,FALSE
plmrkg.com,Plural Marketing Solutions Inc.,,undefined,Unclear,Unknown,george@plmrkg.com,"275 RT 10 E, STE 220-105Succasunna, NJ 07876United States",(201) 232-2573,New Jersey,,http://plmrkg.com/,https://privacyrights.org/data-brokers/plural-marketing-solutions-inc,TRUE
alc.com,"Alc, Inc.",https://www.alc.com/privacy-policy/,Marketing Data Broker,Unclear,,sherry.booles@alc.com,"750 College Road East, Suite 201Princeton, NJ 08540United States",501-240-6049,New Jersey,Acxiom,https://www.alc.com/,https://privacyrights.org/data-brokers/alc-inc,TRUE
verisk.com,"Insurance Services Office, Inc.",https://www.verisk.com/privacy-trademarks-use/iso-online-privacy-notice/,Vague,Unclear,,jvolk@verisk.com; info@verisk.com,"545 Washington BlvdJersey City, NJ 07310United States",,New Jersey,Verispy,https://www.verisk.com,https://privacyrights.org/data-brokers/insurance-services-office-inc,TRUE
verisk.com,"Iso Services, Inc.",https://www.verisk.com/privacy-trademarks-use/iso-online-privacy-notice/,Vague,No,,jvolk@verisk.com; support@iix.com,"545 Washington BlvdJersey City, NJ 07310United States",,New Jersey,Verispy,https://www.verisk.com/insurance/brands/iix/,https://privacyrights.org/data-brokers/iso-services-inc,TRUE
aslmarketing.com,Asl Marketing Inc,http://aslmarketing.com/privacy-policy/,Marketing Data Broker,No,,info@aslmarketing.com; privacy@aslmarketing.com,"500 Bi County Blvd, Suite 460Farmingdale, NY 11735United States",,New York,Unknown,http://aslmarketing.com/,https://privacyrights.org/data-brokers/asl-marketing-inc,FALSE
dataamerica.com,Dataamerican.Com,http://www.dataamerica.com/pages/privacy-policy/,Marketing Data Broker,No,,info@dataamerica.com,"401 Franklin Avenue, Suite # 102A Garden City, NY 11530United States",855-755-(3282),New York,Unknown,http://www.dataamerica.com/,https://privacyrights.org/data-brokers/dataamericancom,FALSE
drobu.com,Drobu Media Llc,,undefined,No,Unknown,Dblackman@drobu.com,"300 E. 56TH ST. Ste. 31HNew York, NY 10022United States",(917) 232-8867,New York,,http://www.drobu.com/,https://privacyrights.org/data-brokers/drobu-media-llc,FALSE
kgbpeople.com,Kgbpeople,http://www.kgbpeople.com/privacy-policy,Vague,No,,accounts@kgb.com,"750 Lexington Avenue 9th FloorNew York, NY 10022United States",212 909 8282,New York,Unknown,http://www.kgbpeople.com,https://privacyrights.org/data-brokers/kgbpeople,TRUE
locatefamily.com,Locatefamily.Com,http://www.locatefamily.com/privacy_policy.html,People Search,Unclear,,,"350 Main StreetBuffalo, NY 14202United States",1 (302) 223-5135,New York,Unknown,http://www.locatefamily.com,https://privacyrights.org/data-brokers/locatefamilycom,FALSE
applecart.co,Project Applecart Llc,,No,Unknown,,matt@applecart.co,"234 W 39th Street, 5th FloorNew York, NY 10018United States",(267) 348-4158,New York,Unknown,https://www.applecart.co/,https://privacyrights.org/data-brokers/project-applecart-llc,FALSE
beenverified.com,"Beenverified, Inc. And Its Subsidiaries/Affiliates",https://www.beenverified.com/faq/privacy/,People Search,Yes - by email,,support@beenverified.com,"48 West 38th Street, 8th FloorNew York,, NY 10018United States",(888) 579-5910,New York,Peopleconnect,https://www.beenverified.com/,https://privacyrights.org/data-brokers/beenverified-inc-and-its-subsidiariesaffiliates,TRUE
belardiwong.com,Belardi Ostroy Alc Llc/ Belardi Wong,https://www.belardiwong.com/privacypolicy,Marketing Data Broker,Unclear,,sherry.booles@alc.com; privacy.officer@belardiwong.com,"39 Broadway, 32nd FloorNew York, NY 10006United States",,New York,Acxiom,https://www.belardiwong.com/,https://privacyrights.org/data-brokers/belardi-ostroy-alc-llc-belardi-wong,TRUE
blackknightinc.com,"Black Knight Data & Analytics, Llc",https://www.blackknightinc.com/privacy-notice/,Marketing Data Broker,No,,corporatecompliance@bkfs.com,"601 Riverside AvenueJacksonville, FL 32204United States",904.854.5100,New York,Unknown,https://www.blackknightinc.com,https://privacyrights.org/data-brokers/black-knight-data-analytics-llc,FALSE
sterlingcheck.com,Sterling,https://www.sterlingcheck.com/about/privacy/,Marketing Data Broker,No,,privacy@sterlingts.com,"1 State Street Plaza New York, NY New York, NY 10004United States",800-899-2272,New York,Unknown,https://www.sterlingcheck.com/,https://privacyrights.org/data-brokers/sterling,FALSE
towerdata.com,"Towerdata, Inc.",https://www.towerdata.com/privacy-policy,Marketing Data Broker,No,,tburke@towerdata.com,"33 Irving Place, 3rd FloorNew York, NY 10003United States",1-646-742-1771,New York,Unknown,https://www.towerdata.com/,https://privacyrights.org/data-brokers/towerdata-inc,TRUE
govarrestrecords.org,Govarrestrecords.Org,http://www.govarrestrecords.org/privacy.html,People Search,No,,,"142 Cedar St, Mooresville, NC 28115United States",,North Carolina,Unknown,http://www.govarrestrecords.org/,https://privacyrights.org/data-brokers/govarrestrecordsorg,FALSE
revealmobile.com,Reveal Mobile Inc,https://revealmobile.com/privacy/,Marketing Data Broker,Yes - by email,,andy@revealmobile.com,"3344 Hillsborough St, Suite 200Raleigh, NC 27607United States",,North Carolina,Unknown,http://www.revealmobile.com,https://privacyrights.org/data-brokers/reveal-mobile-inc,TRUE
nationalbackgroundcheck.com,National Background Check,http://www.nationalbackgroundcheck.com/privacy.htm,Identity Verification Services,No,,contactus@nationalbackgroundcheck.com,"4140 Executive Parkway, Suite 119Westerville, OH 43081United States",614.457.8900,Ohio,Unknown,http://www.nationalbackgroundcheck.com,https://privacyrights.org/data-brokers/national-background-check,FALSE
amrent.com,"Amrent, Inc.",https://www.amrent.com/privacy_policy.html,People Search,No,,Legal@CBC-Companies.com; Anna.Lou@CBC-Companies.com,"250 East Broad StreetColumbus, OH 43215United States",,Ohio,Unknown,https://www.amrent.com/,https://privacyrights.org/data-brokers/amrent-inc,FALSE
cbcinnovis.com,"Cbcinnovis, Inc.",https://www.cbcinnovis.com/privacy.html,Identity Verification Services,No,,cbcservices@cbcinnovis.com,"250 East Broad StreetColumbus, OH 43215United States",,Ohio,Unknown,https://www.cbcinnovis.com/,https://privacyrights.org/data-brokers/cbcinnovis-inc,FALSE
dataverify.com,"Automation Research, Inc. D/B/A Dataverify",https://www.dataverify.com/content/privacy.htm,Identity Verification Services,No,,Sue.Temple@CBC-Companies.com; Legal@CBC-Companies.com,"250 East Broad StreetColumbus, OH 43215United States",,Ohio,Unknown,https://www.dataverify.com/content/,https://privacyrights.org/data-brokers/automation-research-inc-dba-dataverify,FALSE
intellicorp.net,"Intellicorp Records, Inc.",http://www.intellicorp.net/marketing/PrivacyPolicy.aspx,Identity Verification Services,Unclear,,jvolk@verisk.com; compliance@intellicorp.net,"3000 Auburn Drive, Suite 410Beachwood, OH 44122United States",,Ohio,Verispy,https://www.intellicorp.net/marketing,https://privacyrights.org/data-brokers/intellicorp-records-inc,TRUE
martin-data.com,Martin Data Llc,,undefined,Unclear,,mrichard@usinfosearch.com,"735 Taylor Rd. STE 220Columbus, OH 43230United States",2165717694,Ohio,Peopleconnect,https://www.martin-data.com,https://privacyrights.org/data-brokers/martin-data-llc,FALSE
openonline.com,Openonline,http://www.openonline.com/Home/About-Us/Privacy-Statement.aspx,Identity Verification Services,Unclear,,compliance@openonline.com,"1650 Lake Shore DriveColumbus, OH 43204United States",614.481.6999,Ohio,Unknown,https://www.openonline.com/,https://privacyrights.org/data-brokers/openonline,TRUE
businessprofiles.com,Business Profiles,http://businessprofiles.com/privacy,Vague,Unclear,,,"P.O. Box 22475Oklahoma City, OK 73123United States",402-537-6176,Oklahoma,Unknown,https://businessprofiles.com/,https://privacyrights.org/data-brokers/business-profiles,FALSE
public-record-site.com,Public Record Site,http://www.public-record-site.com/privacy-policy.htm,Vague,No,,privacy@1and1.com,"701 Lee Road Suite 300Chesterbrook , PA 19087United States",,Pennsylvania,Unknown,http://www.public-record-site.com/,https://privacyrights.org/data-brokers/public-record-site,FALSE
hireright.com,General Information Solutions Llc,https://www.hireright.com/legal/privacy-policy,Identity Verification Services,No,,kristin.jones@hireright.com,"917 Chapin RoadChapin, SC 29036United States",,South Carolina,Unknown,https://www.hireright.com/ ; www.geninfo.com,https://privacyrights.org/data-brokers/general-information-solutions-llc,FALSE
ciccredit.com,Cic Mortgage Credit Inc.,https://www.ciccredit.com/information-security-policy-and-guideline/,Identity Verification Services,No,,CTHOMAS@CICCREDIT.COM,"327 Caldwell Drive, Suite 100Goodlettsville, TN 37072United States",615-386-2282,Tennessee,Unknown,https://www.ciccredit.com,https://privacyrights.org/data-brokers/cic-mortgage-credit-inc,FALSE
datafacts.com,"Data Facts, Inc.",https://www.datafacts.com/company-information-privacy-policy,Vague,Unclear,,johnna@datafacts.com,"PO Box 4276, Cordova, TN 38088United States",(901) 685-7599,Tennessee,Unknown,https://www.datafacts.com/,https://privacyrights.org/data-brokers/data-facts-inc,TRUE
datafacts.com,"Data Facts, Inc.",https://www.datafacts.com/company-information-privacy-policy,Vague,Unclear,,johnna@datafacts.com,"PO Box 4276, Cordova, TN 38088United States",(901) 685-7599,Tennessee,Unknown,https://www.datafacts.com/,https://privacyrights.org/data-brokers/data-facts-inc-0,TRUE
allwebleads.com,All Web Leads Inc,http://www.allwebleads.com/privacy,Marketing Data Broker,Unclear,,onlineops@allwebleads.com,"7300 FM 2222, Building 2, Suite 100Austin, TX 78730United States",888-522-7355,Texas,Unknown,http://allwebleads.com,https://privacyrights.org/data-brokers/all-web-leads-inc,TRUE
nctue.com,"National Consumer Telecom & Utilities Exchange, Inc.",http://www.nctue.com/terms-of-use,Identity Verification Services,No,,admin@nctue.com,751 Plaza BlvdTX 75019United States,1-866-349-5185,Texas,Unknown,http://www.nctue.com/,https://privacyrights.org/data-brokers/national-consumer-telecom-utilities-exchange-inc,FALSE
activeintel.com,Active Intel Investigations Llc,,undefined,No,,,"5080 Spectrum Drive Suite 1000 EastAddison, TX 75001United States",18442483440,Texas,Unknown,https://activeintel.com,https://privacyrights.org/data-brokers/active-intel-investigations-llc,FALSE
modernize.com,"Modernize, Inc.",https://modernize.com/privacy,Vague,Unclear,,accounting@modernize.com; support@modernize.com,"804 Congress Ave, Suite 400Austin, TX 78701United States",,Texas,Unknown,https://modernize.com/,https://privacyrights.org/data-brokers/modernize-inc,TRUE
backgroundchecks.com,Backgroundchecks.Com Llc,https://www.backgroundchecks.com/privacypolicy,Identity Verification Services,Unclear,,cklafehn@backgroundchecks.com; kristin.jones@hireright.com,"12770 Coit Road, Suite 300Dallas, TX 75251United States",,Texas,Unknown,https://www.backgroundchecks.com,https://privacyrights.org/data-brokers/backgroundcheckscom-llc,TRUE
corelogic.com,"Corelogic Background Data, Llc.",https://www.corelogic.com/privacy.aspx,Marketing Data Broker,No,,dghazaleh@corelogic.com,"3001 Hackberry RdIrving, TX 75063United States",(817) 699-1734,Texas,Corelogic,https://www.corelogic.com/privacy.aspx,https://privacyrights.org/data-brokers/corelogic-background-data-llc,TRUE
corelogic.com,"Rental Property Solutions, Llc",https://www.corelogic.com/privacy.aspx,Marketing Data Broker,No,,dghazaleh@corelogic.com,"3001 Hackberry RdIrving, TX 75063United States",(817) 699-1734,Texas,Corelogic,https://www.corelogic.com/privacy.aspx,https://privacyrights.org/data-brokers/rental-property-solutions-llc,TRUE
corelogic.com,"Corelogic Screening Services, Llc",https://www.corelogic.com/privacy.aspx,Vague,No,,dghazaleh@corelogic.com,"3001 Hackberry RdIrving, TX 75063United States",(817) 699-1737,Texas,Corelogic,https://www.corelogic.com/privacy.aspx,https://privacyrights.org/data-brokers/corelogic-screening-services-llc,TRUE
jverify.com,"Jverify, Inc.",,undefined,Yes - by email,,stephen@jverify.com; admin@jverify.com,"1001 Texas Avenue, Suite 1400Houston, TX 77002United States",(832) 866-4512,Texas,Unknown,https://www.jverify.com,https://privacyrights.org/data-brokers/jverify-inc,TRUE
superpages.com,Superpages,https://www.superpages.com/about/privacy.html,Marketing Data Broker,Unclear,,,"2200 West Airfield Drive P.O. Box 619810 Airport, TX 75261United States",800-446-6536,Texas,Unknown,https://www.superpages.com/,https://privacyrights.org/data-brokers/superpages,FALSE
verisk.com,"Iso Claims Services, Inc.",https://www.verisk.com/privacy-trademarks-use/iso-online-privacy-notice/,Vague,No,,jvolk@verisk.com; support@iix.com; support@iix.com,"1716 Briarcrest Drive, Suite 200Bryan, TX 77802United States",,Texas,Verispy,https://www.verisk.com/insurance/brands/iix/,https://privacyrights.org/data-brokers/iso-claims-services-inc,TRUE
nelists.com,"New England List Services, Inc.",,undefined,Yes - by email,,dave@nelists.com,"171 Mountain View RdDanville, VT 05828United States",802-684-1179,Vermont,Unknown,https://nelists.com/,https://privacyrights.org/data-brokers/new-england-list-services-inc,TRUE
valassis.com,"Valassis Direct Mail, Inc",https://www.valassis.com/about-us/privacy-policy,Marketing Data Broker,No,,datalicensing@valassis.com,"235 Great Pond DriveWindsor, VTUnited States",1-800-437-0479,Vermont,Unknown,https://www.valassis.com/,https://privacyrights.org/data-brokers/valassis-direct-mail-inc,TRUE
sterlingd.com,Sterling Data Llc,,undefined,Yes - by email,,info@sterlingd.com,"1801 Crystal Drive, Apt 206Arlington, VA 22202United States",(703) 955 1540,Virginia,Unknown,http://www.sterlingd.com/,https://privacyrights.org/data-brokers/sterling-data-llc,TRUE
knowwho.com,"Knowwho, Inc.",https://kw1.knowwho.com/service/privacy/,Vague,Yes - by email,,bbrownson@knowwho.com,"PO Box 62Mount Vernon,, VA 22121United States",,Virginia,Unknown,https://kw1.knowwho.com/,https://privacyrights.org/data-brokers/knowwho-inc,TRUE
i-360.com,"I360, Llc",https://www.i-360.com/privacy-policy/,Marketing Data Broker,Unclear,,info@i-360.com,"PO BOX 663, ARLINGTON, VA 22216United States",,Virginia,Unknown,https://www.i-360.com/,https://privacyrights.org/data-brokers/i360-llc,TRUE
studentclearinghouse.org,National Student Clearinghouse,https://studentclearinghouse.org/about/our-privacy-commitment/,Vague,Unclear,,legal@studentclearinghouse.org,"2300 Dulles Station Blvd, Suite 220Herndon, VA 20171United States",703.742.4200,Virginia,Unknown,https://www.studentclearinghouse.org,https://privacyrights.org/data-brokers/national-student-clearinghouse,TRUE
addresses.com,Addresses.Com,http://www.peopleconnect.us/privacy,People Search,No,,,"Seattle, WA 98101United States",,Washington,Peopleconnect,http://www.addresses.com/,https://privacyrights.org/data-brokers/addressescom,TRUE
compactlists.com,Compact Information Systems,http://www.compactlists.com/privacy-policy.html,Marketing Data Broker,Unclear,,pei@compactlists.com,"7120 185th Ave NE, Ste 150Redmond, WA 98052United States",,Washington,Unknown,http://www.compactlists.com/,https://privacyrights.org/data-brokers/compact-information-systems,TRUE
detectiveunlimited.com,"""Ultimatewhitepages """,http://www.detectiveunlimited.com/privacy-policy.html,People Search,No,,webmaster@ultimatewhitepages.org,"9633 Market Pl Unit #201Lake Stevens, WA 98258United States",7029707112,Washington,Whitepages,http://www.detectiveunlimited.com,https://privacyrights.org/data-brokers/ultimatewhitepages,FALSE
detectiveunlimited.com,Ultimatewhitepages,http://www.detectiveunlimited.com/privacy-policy.html,People Search,No,,webmaster@ultimatewhitepages.org,"9633 Market Pl Unit #201Lake Stevens, WA 98258United States",7029707112,Washington,Whitepages,http://www.detectiveunlimited.com,https://privacyrights.org/data-brokers/ultimatewhitepages-0,FALSE
easybackgroundchecks.com,Easy Background Check,,undefined,No,,,"Seattle, WA 98101United States",,Washington,Peopleconnect,http://www.easybackgroundchecks.com,https://privacyrights.org/data-brokers/easy-background-check,TRUE
snoopstation.com,Snoopstation.Com/,http://www.snoopstation.com/privacy.php,People Search,No,,privacy@peopleconnect.us,"500 108th Ave NE Ste 1660Bellevue, WA 98004United States",(206) 301-5800 ;,Washington,Peopleconnect,http://www.snoopstation.com,https://privacyrights.org/data-brokers/snoopstationcom,FALSE
assurance.com,"Assurance Iq,Inc.",https://assurance.com/privacy-policy,Marketing Data Broker,Yes - by email,,swenson@assurance.com,"10500 NE 8th Street, Suite 1450Bellevue, WA 98004United States",(844) 358-4700 ;,Washington,Unknown,https://assurance.com/,https://privacyrights.org/data-brokers/assurance-iqinc,TRUE
411.com,411.com,https://www.411.com/data-policy,People Search,Unclear,,support@whitepages.com,"1301 5th Avenue ste 1600Seattle, WA 98101-2625United States",2069735100,Washington,Whitepages,https://www.411.com/,https://privacyrights.org/data-brokers/411com,TRUE
L2Political.com,"L2, Inc.",,undefined,Yes - by email,,bruce.willsie@L2Political.com,"18912 North Creek Parkway, Bldg 1, Suite 201Bothell, WA 98011United States",(609) 240-2855,Washington,Unknown,https://www.L2Political.com,https://privacyrights.org/data-brokers/l2-inc,TRUE
avrickdirect.com,"Avrick Direct, Inc.",http://avrickdirect.com/?page_id=16,Marketing Data Broker,Yes - by email,,avrickdirect@avrick.com,"PO BOX 140Redmond, WA 98073United States",805.683.6551,Washington,Unknown,https://www.avrickdirect.com,https://privacyrights.org/data-brokers/avrick-direct-inc,FALSE
whitepages.com,"Whitepages, Inc.",https://www.whitepages.com/data-policy,People Search,Unclear,,support@whitepages.com,"1301 Fifth Ave, Suite 1600, Seattle, WA 98101Seattle, WA 98101United States",(800) 991-3077,Washington,Whitepages,https://www.whitepages.com/,https://privacyrights.org/data-brokers/whitepages-inc,TRUE
incheck.net,Incheck Inc,https://incheck.net/privacy-policy-pdf/,Identity Verification Services,Unclear,,abby@incheck.net,"7500 W. State St. Ste. 200Wauwatosa, WI 53213United States",(414) 316-3472,Wisconsin,Unknown,https://incheck.net/,https://privacyrights.org/data-brokers/incheck-inc,TRUE
datastreamgroup.com,"Datastream Group, Inc.",http://datastreamgroup.com/privacy-policy/,undefined,Unclear,,er@datastreamgroup.com,"1085 Business LaneNaples, FL 34110United States",239-260-1566,Unknown,Unknown,http://datastreamgroup.com,https://privacyrights.org/data-brokers/datastream-group-inc,TRUE
freecellsearch.com,Freecellsearch.Com,http://freecellsearch.com/privacypolicy.php,undefined,No,,support@freecellsearch.com,United States,,Unknown,Unknown,http://freecellsearch.com,https://privacyrights.org/data-brokers/freecellsearchcom,FALSE
peopleaz.org,Peopleaz.Org,http://peopleaz.org/privacy.awx,undefined,No,,,United States,,Unknown,Unknown,http://peopleaz.org/,https://privacyrights.org/data-brokers/peopleazorg,FALSE
background-check-only.com,Background-Check-Only.Com,http://www.background-check-only.com/privacy-policy.htm,undefined,No,,,United States,,Unknown,Unknown,http://www.background-check-only.com/,https://privacyrights.org/data-brokers/background-check-onlycom,FALSE
bcint.com,Background Check International (Bci),,undefined,Unknown,,kit@bcint.com,,951-691-1088,Unknown,United States,http://www.bcint.com,https://privacyrights.org/data-brokers/background-check-international-bci,FALSE
inteligator.com,Inteligator,http://www.inteligator.com/home/privacy.php,undefined,Unclear,,,United States,,Unknown,Accucom,http://www.inteligator.com/home/terms.php,https://privacyrights.org/data-brokers/inteligator,FALSE
marriagerecords.org,Marriage Records,http://www.marriagerecords.org/index.php?xpath=privacy,undefined,Unclear,,privacy@cisnationwide.com,"P.O. Box 990142Boston, MA 02117United States",800-309-9352,Unknown,Accucom,http://www.marriagerecords.org/,https://privacyrights.org/data-brokers/marriage-records,TRUE
mocavo.com,Mocavo Inc.,http://www.mocavo.com/privacy,undefined,Unclear,,privacy@findmypast.co.uk; support@findmypast.com,Wycliffe House Water Lane WilmslowCheshireSK9 5AFUnited Kingdom,,Unknown,Unknown,http://www.mocavo.com/terms,https://privacyrights.org/data-brokers/mocavo-inc,FALSE
publicarrestrecords.org,Public Arrest Records,http://www.publicarrestrecords.org/privacy-policy-terms-of-use/,undefined,Yes - by email,,,United States,,Unknown,Verispy,http://www.publicarrestrecords.org,https://privacyrights.org/data-brokers/public-arrest-records,FALSE
publicrecordssearchonline.org,Publicrecordssearchonline.Org,https://publicrecordssearchonline.org/privacy/,undefined,No,,contact@publicrecordssearchonline.org,United States,,Unknown,Accucom,http://www.publicrecordssearchonline.org,https://privacyrights.org/data-brokers/publicrecordssearchonlineorg,FALSE
tenantdetective.com,Tenant Detective,http://www.tenantdetective.com/privacypolicy.php,undefined,Yes - by email,,privacy@cisnationwide.com,United States,800-309-9354,Unknown,Accucom,http://www.tenantdetective.com,https://privacyrights.org/data-brokers/tenant-detective,TRUE
voterfactory.com,Voter Factory,http://www.voterfactory.com/Privacy.html,undefined,No,,help@VoterFactory.com,United States,,Unknown,Unknown,http://www.voterfactory.com,https://privacyrights.org/data-brokers/voter-factory,FALSE
yasni.com,Yasni,http://www.yasni.com/privacy,undefined,Yes - by email,,info@yasni.com; datenschutz@yasni.de,Lyoner Str. 1460528 Frankfurt Germany,,Unknown,Unknown,http://www.yasni.com,https://privacyrights.org/data-brokers/yasni,TRUE
ypstate.com,Ypstate.Com,http://www.ypstate.com/wiki/ypstate/contactus/,undefined,No,,,United States,86.40000444,Unknown,Unknown,http://www.ypstate.com/,https://privacyrights.org/data-brokers/ypstatecom,FALSE
census-info.us,Census Info Us,http://www.census-info.us/privacy,undefined,No,,,United States,,Unknown,Peopleconnect,https://census-info.us/,https://privacyrights.org/data-brokers/census-info-us,FALSE
cupidscreen.com,Cupidscreen,https://cupidscreen.com/privacy-policy/,undefined,No,,info@onlineinvestigations.com.au,PO Box 489 North Melbourne ; 3/131 Hyde StreetYarraville VIC 3013Australia,,Unknown,Whitepages,https://cupidscreen.com/,https://privacyrights.org/data-brokers/cupidscreen,FALSE
corelogic.com,Corelogic Credco Of Puerto Rico,https://www.corelogic.com/privacy.aspx,undefined,Corelogic,,dghazaleh@corelogic.com,"10277 Scripps Ranch BlvdSan Diego, CA 92131United States",,Unknown,,https://www.corelogic.com/privacy.aspx,https://privacyrights.org/data-brokers/corelogic-credco-puerto-rico,TRUE
acxiom.com,Acxiom Llc,https://acxiom.com/about-us/privacy,Marketing Data Broker,Yes - by Opt-Out Form,https://isapps.acxiom.com/optout/optout.aspx,privacy@acxiom.com,"301 East Dave Ward DriveConway, AZUnited States",,Arizona,Acxiom,https://www.acxiom.com,https://privacyrights.org/data-brokers/acxiom-llc,TRUE
socialcatfish.com,"Social Catfish, Llc",https://socialcatfish.com/faq/privacy/,People Search,Yes - by Opt-Out Form,Unknown,(844) 422-8347,"38770 Sky Canyon Drive, Suite AMurrieta, CA 92562United States",,California,Unknown,https://socialcatfish.com/,https://privacyrights.org/data-brokers/social-catfish-llc,TRUE
experian.com,"Experian Fraud Prevention Solutions, Inc.",https://www.experian.com/privacy/prod_serv_policy.html,Identity Verification Services,Yes - by Opt-Out Form,"https://privacy.a.apps.experian.com/ccpa/ , http://optout.aboutads.info/?c=2&lang=EN , https://www.ims-dm.com/cgi/optoutemps.php",nerissa.rush@experian.com,"475 Anton Blvd,Costa Mesa, CA 92626United States",,California,Experian,https://www.experian.com/rentbureau/renter-credit.html,https://privacyrights.org/data-brokers/experian-fraud-prevention-solutions-inc,TRUE
experian.com,Experian Data Corp,https://www.experian.com/privacy/prod_serv_policy.html,Identity Verification Services,Yes - by Opt-Out Form,"https://privacy.a.apps.experian.com/ccpa/ , http://optout.aboutads.info/?c=2&lang=EN , https://www.ims-dm.com/cgi/optoutemps.php",unsubscribe@experian.com,"475 Anton Blvd.Costa Mesa, CA 92626United States",,California,Experian,https://www.experian.com/rentbureau/renter-credit.html,https://privacyrights.org/data-brokers/experian-data-corp,TRUE
oracle.com,"Oracle America, Inc. (Oracle Data Cloud)",https://www.oracle.com/legal/privacy/,Vague,Yes - by Opt-Out Form,https://oracle.ethicspointvp.com/custom/oracle/dp/en/form_data.asp,privacy_ww@oracle.com,"500 Oracle ParkwayRedwood Shores, CA 94065United States",,California,Unknown,https://www.oracle.com/index.html,https://privacyrights.org/data-brokers/oracle-america-inc-oracle-data-cloud,TRUE
skipsmasher.com,"Skipmasher, Inc.",https://www.skipsmasher.com/privacy.aspx,People Search,Yes - by Opt-Out Form,https://www.skipsmasher.com/Consumers/,info@skipsmasher.com,"PO Box 891329Temecula, CA 92589United States",,California,Unknown,https://www.skipsmasher.com/,https://privacyrights.org/data-brokers/skipmasher-inc,TRUE
spokeo.com,"Spokeo, Inc.",https://www.spokeo.com/privacy-policy,People Search,Yes - by Opt-Out Form,https://www.spokeo.com/privacy/control/verify,jmatthes@spokeo.com,"199 S. Los Robles Ave #711Pasadena, CA 91101United States",,California,Unknown,https://www.spokeo.com/,https://privacyrights.org/data-brokers/spokeo-inc,TRUE
spydialer.com,"Spy Dialer, Inc.",https://www.spydialer.com/privacy.aspx,People Search,Yes - by Opt-Out Form,https://www.spydialer.com/Consumers/,info@spydialer.com,"PO Box 890370Temecula, CA 92589United States",,California,Unknown,https://www.spydialer.com/,https://privacyrights.org/data-brokers/spy-dialer-inc,TRUE
path2response.com,Path2Response,https://path2response.com/privacy/,Marketing Data Broker,Yes - by Opt-Out Form,https://privacyportal-cdn.onetrust.com/dsarwebform/2de26f06-de6f-45a7-8e1d-7d1148a3f301/draft/7a5dc7d1-cc7e-43a8-9f24-702807deb65b.html,invoices@path2response.com,"1805 HWY 42, 2nd FloorLouisville, CO 80027United States",,Colorado,Unknown,https://path2response.com,https://privacyrights.org/data-brokers/path2response,TRUE
fullcontact.com,"Fullcontact, Inc.",https://www.fullcontact.com/privacy-center/#privacy-policy,Identity Verification Services,Yes - by Opt-Out Form,https://dashboard.fullcontact.com/claim,dan.wobbekind@fullcontact.com,"1200 17th Street, Suite 13-103Denver, CO 80202United States",,Colorado,Unknown,https://www.fullcontact.com/,https://privacyrights.org/data-brokers/fullcontact-inc,TRUE
peoplebyname.com,People By Name,http://www.peoplebyname.com/privacy.php,People Search,Yes - by Opt-Out Form,"http://www.peoplebyname.com/remove.php , http://www.peoplebyname.com/remove_number.php",support@peoplebyname.com,"PO BOX 91Boca Raton, FL 33429United States",,Florida,Unknown,http://www.peoplebyname.com,https://privacyrights.org/data-brokers/people-name,TRUE
infutor.com,Infutor Data Solutions,https://infutor.com/company/data-privacy/,Marketing Data Broker,Yes - by Opt-Out Form,https://privacy.infutor.com/s/,pedrokialanda@infutor.com,"18W140 Butterfield Rd, Ste 1020 Oakbrook Terrace, IL 60181United States",,Illinois,Unknown,https://infutor.com,https://privacyrights.org/data-brokers/infutor-data-solutions,TRUE
transunion.com,Transunion,https://www.transunion.com/legal/privacy-policy,Identity Verification Services,Yes - by Opt-Out Form,https://www.transunion.com/consumerprivacy,keith.mccawley@transunion.com,"555 W AdamsChicago, IL 60661United States",,Illinois,Transunion,https://www.transunion.com,https://privacyrights.org/data-brokers/transunion,TRUE
courtrecords.org,Court Records,http://www.courtrecords.org/index.php?xpath=privacy,People Search,Yes - by Opt-Out Form,https://members.courtrecords.org/customer/terms?tab=optout,privacy@cisnationwide.com,"PO Box 130368Boston, MA 02113United States",,Massachusetts,Accucom,http://www.courtrecords.org/,https://privacyrights.org/data-brokers/court-records,TRUE
phoneregistry.com,Phone Registry,http://www.phoneregistry.com/privacy.php,People Search,Yes - by Opt-Out Form,http://www.phoneregistry.com/privacy.php#opt,,"P.O. Box 990043Boston, MA 02199United States",800-309-9351,Massachusetts,Accucom,http://www.phoneregistry.com/terms.php,https://privacyrights.org/data-brokers/phone-registry,FALSE
staterecords.org,State Records (United States State Records),http://www.staterecords.org/index.php?xpath=privacy,People Search,Yes - by Opt-Out Form,https://members.staterecords.org/tspec/shared/assets/data_opt_out_form.pdf,,"28 Atlantic Avenue. suite 227 Boston, MA Boston, MA 02110United States",617-262-9317,Massachusetts,Accucom,http://www.staterecords.org,https://privacyrights.org/data-brokers/state-records-united-states-state-records,FALSE
infotracer.com,Infotracer,https://members.infotracer.com/customer/terms?tab=privacy,People Search,Yes - by Opt-Out Form,https://infotracer.com/optout/,upport@infotracer.com,"28 Atlantic Avenue. suite 227Boston, MA 02110United States",,Massachusetts,Accucom,https://infotracer.com/,https://privacyrights.org/data-brokers/infotracer,TRUE
thomsonreuters.com,West Publishing Corporation,https://www.thomsonreuters.com/en/privacy-statement.html#legitimate-interests,Undetermined,Yes - by Opt-Out Form,https://privacyportal-cdn.onetrust.com/dsarwebform/dbf5ae8a-0a6a-4f4b-b527-7f94d0de6bbc/5dc91c0f-f1b7-4b6e-9d42-76043adaf72d.html,sonya.southward@thomsonreuters.com; CLEAR.PM-Compliance@thomsonreuters.com,"610 Opperman DriveEagan, MN 55123United States",,Minnesota,Unknown,https://legal.thomsonreuters.com/en,https://privacyrights.org/data-brokers/west-publishing-corporation,TRUE
allareacodes.com,Allareacodes.Com,http://www.allareacodes.com/policies.htm,Marketing Data Broker,Yes - by Opt-Out Form,https://www.allareacodes.com/remove_name.htm,press@allareacodes.com,"""17209 Chesterfield Airport Rd Suite 143Chesterfield, MO 63005United States",Download Search Results,Missouri,Peopleconnect,https://www.allareacodes.com/,https://privacyrights.org/data-brokers/allareacodescom,TRUE
peoplesmart.com,Peoplesmart,http://www.peoplesmart.com/?_act=privacy,People Search,Yes - by Opt-Out Form,https://www.beenverified.com/app/optout/search,privacy@peoplesmart.com,"P.O. Box 391146Omaha, NE 68139United States",1-888-906-4278,Nebraska,Peopleconnect,http://www.peoplesmart.com,https://privacyrights.org/data-brokers/peoplesmart,TRUE
persopo.com,Persopo,http://info.persopo.com/privacy-policy.html,People Search,Yes - by Opt-Out Form,,support@persopo.com,"848 N. Rainbow Blvd., Suite 20Las Vegas, NV 89107United States",1-800-481-9168,Nevada,Unknown,http://info.persopo.com/,https://privacyrights.org/data-brokers/persopo,TRUE
edvisors.com,"Edvisors Network, Inc.",https://www.edvisors.com/terms-privacy-disclaimer/#privacy-policy,Vague,Yes - by Opt-Out Form,"https://www.edvisors.com/third-party-opt-out/ , https://www.edvisors.com/delete-request/",tshaul@collegeloan.com,"10000 W. Charleston Blvd., Suite 200Las Vegas, NV 89135United States",(888) 972-1010,Nevada,Unknown,https://www.edvisors.com/,https://privacyrights.org/data-brokers/edvisors-network-inc,FALSE
peekyou.com,Peek You,http://www.peekyou.com/privacy,People Search,Yes - by Opt-Out Form,https://www.peekyou.com/about/contact/optout/index.php,info@peekyou.com,"265 West 37th Street, Suite 610New York, NY 10018United States",,New York,Unknown,http://www.peekyou.com,https://privacyrights.org/data-brokers/peek-you,TRUE
speedeondata.com,"Speedeon Data, Llc",https://www.speedeondata.com/privacy-policy,Marketing Data Broker,Yes - by Opt-Out Form,https://www.speedeondata.com/privacy-policy/opt-out-deletion-request/,mbagley@speedeondata.com; info@Speedeondata.com,"5875 Landerbrook Drive, Suite 130Cleveland, OH 44124United States",,Ohio,Unknown,https://www.speedeondata.com/,https://privacyrights.org/data-brokers/speedeon-data-llc,TRUE
webbula.com,Webbula Llc,https://webbula.com/privacy-policy/,Marketing Data Broker,Yes - by Opt-Out Form,https://webbula.com/privacy-center/,privacy@webbula.com,"5000 Stonewood Drive, Suite 310Wexford, PA 15090United States",888-9832285,Pennsylvania,Unknown,https://webbula.com/,https://privacyrights.org/data-brokers/webbula-llc,TRUE
blackbaud.com,"Blackbaud, Inc.",https://www.blackbaud.com/company/privacy-policy/north-america,Marketing Data Broker,Yes - by Opt-Out Form,https://www.blackbaud.com/company/california-consumer-privacy-act,cameron.stoll@blackbaud.com; casesupport@blackbaud.com,"65 Fairchild StreetCharleston, SC 29492United States",,South Carolina,Unknown,https://www.blackbaud.com/,https://privacyrights.org/data-brokers/blackbaud-inc,TRUE
experian.com,"Experian Health, Inc.",https://www.experian.com/privacy/prod_serv_policy.html,Identity Verification Services,Yes - by Opt-Out Form,"https://privacy.a.apps.experian.com/ccpa/ , http://optout.aboutads.info/?c=2&lang=EN , https://www.ims-dm.com/cgi/optoutemps.php",nerissa.rush@experian.com,"720 Cool Spring Blvd, Suite 200Franklin, TN 37067United States",(714) 830-7615,Tennessee,Experian,https://www.experian.com/rentbureau/renter-credit.html,https://privacyrights.org/data-brokers/experian-health-inc,TRUE
epsilon.com,"Epsilon Data Management, Llc",https://us.epsilon.com/privacy-policy,Marketing Data Broker,Yes - by Opt-Out Form,https://us.epsilon.com/marketing-data-summary-request,Lisa.Gallerano@epsilon.com,"6021 Connection DriveIrving, TX 75039United States",(469) 262-0860,Texas,Unknown,https://us.epsilon.com,https://privacyrights.org/data-brokers/epsilon-data-management-llc,TRUE
home.neustar,"Neustar, Inc.",https://www.home.neustar/privacy,Marketing Data Broker,Yes - by Opt-Out Form,https://www.home.neustar/privacy/opt-out,privacy@team.neustar,"21575 Ridgetop CircleSterling, VA 20166United States",1-844-638-2878,Virginia,Unknown,https://www.home.neustar,https://privacyrights.org/data-brokers/neustar-inc,FALSE
criminalpages.com,Criminal Pages,http://www.criminalpages.com/privacy/,People Search,Yes - by Opt-Out Form,http://courtregistry.org/index.php?xpath=privacy,,,800-309-9351,Washington,Accucom,http://www.criminalpages.com,https://privacyrights.org/data-brokers/criminal-pages,FALSE
instantpeoplefinder.com,Instant People Finder,http://www.instantpeoplefinder.com/privacy.html,People Search,Yes - by Opt-Out Form,https://www.intelius.com/optout,,"Seattle, WA 98101United States",20630157 ; FAX,Washington,Peopleconnect,http://www.instantpeoplefinder.com,https://privacyrights.org/data-brokers/instant-people-finder,TRUE
peopleconnect.us,"Peopleconnect, Inc.",http://www.peopleconnect.us/privacy,People Search,Yes - by Opt-Out Form,"http://www.peopleconnect.us/privacy#p-3 , https://www.intelius.com/optout",privacy@peopleconnect.us; brad.toney@peopleconnect.us,"1501 4th Avenue, Suite 400Seattle, WA 98101United States",,Washington,Peopleconnect,http://www.peopleconnect.us,https://privacyrights.org/data-brokers/peopleconnect-inc,TRUE
peoplelookup.com,People Lookup (Data Source Intelius),http://peoplelookup.com/privacy-faq.php,People Search,Yes - by Opt-Out Form,https://peoplelookup.com/privacy-policy#updating-or-removing-your-information,privacy@peoplelookup.com,"P.O. Box 4145 , WABellevue, WA 98009United States",866-974- 6185,Washington,Peopleconnect,http://www.peoplelookup.com,https://privacyrights.org/data-brokers/people-lookup-data-source-intelius,TRUE
ussearch.com,1-800-US-Search,http://www.peopleconnect.us/privacy,People Search,Yes - by Opt-Out Form,https://www.intelius.com/optout,privacy@peopleconnect.us,"1501 4th ave #400Seattle, WA 98101United States",2063015900,Washington,Peopleconnect,http://www.ussearch.com,https://privacyrights.org/data-brokers/1-800-us-search,TRUE
onlinesearches.com,Onlinesearches (Publicrecords.Onlinesearches.Com),https://publicrecords.onlinesearches.com/privacy-policy,People Search,Yes - by Opt-Out Form,https://intelius.zendesk.com/hc/en-us,privacy@peopleconnect.us,"501 4th Avenue, Suite 400Seattle, WA 98101United States",2063015900,Washington,Peopleconnect,https://publicrecords.onlinesearches.com/,https://privacyrights.org/data-brokers/onlinesearches-publicrecordsonlinesearchescom,TRUE
thatsthem.com,Thatsthem,https://thatsthem.com/privacy-policy,People Search,Yes - by Opt-Out Form,https://thatsthem.com/optout,info@ThatsThem.com,"19421 222ND AVE NEWOODINVILLE, WA 98077United States",,Washington,Unknown,https://thatsthem.com/,https://privacyrights.org/data-brokers/thatsthem,TRUE
publicrecords.com,Publicrecords.Com (Affiliated With Intelius),https://secure.publicrecords.com/privacy.php,People Search,Yes - by Opt-Out Form,https://www.intelius.com/optout,privacy@publicrecords.com,"1501 4th AveSeattle , WA 98101United States",2063015700,Washington,Peopleconnect,https://web.publicrecords.com,https://privacyrights.org/data-brokers/publicrecordscom-affiliated-intelius,TRUE
intelius.com,Intelius,http://www.peopleconnect.us/privacy,People Search,Yes - by Opt-Out Form,https://www.intelius.com/optout,privacy@peopleconnect.us,"500 108th Ave NE Ste 1660Bellevue, WA 98004-5500United States",(206) 301-5800,Washington,Peopleconnect,https://www.intelius.com/,https://privacyrights.org/data-brokers/intelius,TRUE
zabasearch.com,Zabasearch,http://www.peopleconnect.us/privacy,People Search,Yes - by Opt-Out Form,https://www.intelius.com/optout,privacy@peopleconnect.us; brad.toney@peopleconnect.us,"1501 4th Avenue, Suite 400Seattle, WA 98101United States",,Washington,Peopleconnect,https://www.zabasearch.com/,https://privacyrights.org/data-brokers/zabasearch,TRUE
cellphoneregistry.com,Cell Phone Registry,http://cellphoneregistry.com/index.php?xpath=privacy,undefined,Yes - by Opt-Out Form,http://cellphoneregistry.com/index.php?xpath=privacy,,United States,,Unknown,Accucom,http://cellphoneregistry.com/,https://privacyrights.org/data-brokers/cell-phone-registry,FALSE
courtregistry.org,Court Registry,http://courtregistry.org/index.php?xpath=privacy,undefined,Yes - by Opt-Out Form,,privacy@cisnationwide.com,United States,800-309-9352,Unknown,Accucom,http://courtregistry.org/index.php?records_state=&xpath=terms,https://privacyrights.org/data-brokers/court-registry,TRUE
intelregistry.com,Intel Registry,http://intelregistry.com/privacy.php,undefined,Yes - by Opt-Out Form,https://www.intelius.com/optout,support@intelregistry.com,United States,,Unknown,Accucom,http://intelregistry.com,https://privacyrights.org/data-brokers/intel-registry,TRUE
peoplefinderonline.net,People Finder: Instant Online Records Retrieval,http://www.peoplefinderonline.net/privacy.html,undefined,Yes - by Opt-Out Form,https://infotracer.com/optout/,support@infotracer.com,United States,617-262-9317,Unknown,Accucom,http://www.peoplefinderonline.net/,https://privacyrights.org/data-brokers/people-finder-instant-online-records-retrieval,FALSE
phonebooks.com,Phonebooks.Com (Affiliated With Intelius),http://www.phonebooks.com/privacy.html,undefined,Yes - by Opt-Out Form,https://www.phonebooks.com/contact.html,help@phonebooks.com,United States,904-270-9408,Unknown,Peopleconnect,http://www.phonebooks.com,https://privacyrights.org/data-brokers/phonebookscom-affiliated-intelius,TRUE
reversephonelookup.com,Reverse Phone Lookup,http://www.reversephonelookup.com/privacy.html,undefined,Yes - by Opt-Out Form,https://www.reversephonelookup.com/remove.php,,United States,,Unknown,Unknown,http://www.reversephonelookup.com/terms.html,https://privacyrights.org/data-brokers/reverse-phone-lookup,FALSE
plusaddress.com,Plusaddress.Com,https://plusaddress.com/#privacy,undefined,Yes - by Opt-Out Form,"Search by State/City/Street, then select listing ""Remove Listing"" at right hand of listing",info@plusaddresscom,22-24 MaaskadeVenloNetherlands,,Unknown,Unknown,https://plusaddress.com/,https://privacyrights.org/data-brokers/plusaddresscom,FALSE
addresssearch.com,Address Search,http://www.addresssearch.com/privacy-policy.php,undefined,Yes - by Opt-Out Form,https://www.addresssearch.com/remove-info.php,,United States,,Unknown,Unknown,https://www.addresssearch.com,https://privacyrights.org/data-brokers/address-search,TRUE